{
  "timestamp": "20260309_133717",
  "trained_datetime": "2026-03-09 13:37:15",
  "pipeline_stage": "Stage 2 \u2014 wetland classification (grid search)",
  "split_method": "middle_row_band",
  "test_row_min": 9216,
  "test_row_max": 12288,
  "classes": [
    1,
    2,
    3,
    4,
    5
  ],
  "overall_metrics": {
    "accuracy": 0.8256007240890142,
    "precision_weighted": 0.8332086627023332,
    "recall_weighted": 0.8256007240890142,
    "f1_weighted": 0.8222699303484211,
    "mean_wetland_f1": 0.7583195995845846
  },
  "per_class_metrics": {
    "1": {
      "precision": 0.5794966236955187,
      "recall": 0.9821057012068248,
      "f1_score": 0.7289012431472474,
      "support": 4806
    },
    "2": {
      "precision": 0.8893265920158814,
      "recall": 0.76456,
      "f1_score": 0.8222371986980026,
      "support": 37500
    },
    "3": {
      "precision": 0.8662438743153646,
      "recall": 0.93756,
      "f1_score": 0.9004921414877963,
      "support": 125000
    },
    "4": {
      "precision": 0.8459760206880339,
      "recall": 0.57576,
      "f1_score": 0.6851892989749612,
      "support": 37500
    },
    "5": {
      "precision": 0.6134782760669719,
      "recall": 0.70204,
      "f1_score": 0.6547781156149154,
      "support": 25000
    }
  },
  "confusion_matrix": [
    [
      4720,
      38,
      0,
      0,
      48
    ],
    [
      2909,
      28671,
      0,
      0,
      5920
    ],
    [
      26,
      479,
      117195,
      3605,
      3695
    ],
    [
      10,
      148,
      14356,
      21591,
      1395
    ],
    [
      480,
      2903,
      3740,
      326,
      17551
    ]
  ],
  "confusion_matrix_labels": [
    1,
    2,
    3,
    4,
    5
  ],
  "hyperparameters": {
    "n_estimators": 100,
    "max_depth": 35,
    "min_samples_leaf": 20,
    "feature_scaling": "none",
    "class_weight": "recalculated_over_classes_1_to_5",
    "class1_dampen_factor": 0.4,
    "n_jobs": -1,
    "random_state": 42
  },
  "dataset": {
    "source": "../random_forest_spatial_middle/wetland_dataset_middle_split.npz",
    "class_0_filtered": true,
    "n_train": 914418,
    "n_test": 229806,
    "n_features": 64
  },
  "class_weights": {
    "1": 5.073757802746567,
    "2": 1.219224,
    "3": 0.3657672,
    "4": 1.219224,
    "5": 1.828836
  },
  "train_seconds": 129.745488
}