{
  "timestamp": "20260309_135215",
  "trained_datetime": "2026-03-09 13:52:12",
  "pipeline_stage": "Stage 2 \u2014 wetland classification (grid search)",
  "split_method": "middle_row_band",
  "test_row_min": 9216,
  "test_row_max": 12288,
  "classes": [
    1,
    2,
    3,
    4,
    5
  ],
  "overall_metrics": {
    "accuracy": 0.8265885137898924,
    "precision_weighted": 0.8344541254053771,
    "recall_weighted": 0.8265885137898924,
    "f1_weighted": 0.8231844640327346,
    "mean_wetland_f1": 0.759291637157808
  },
  "per_class_metrics": {
    "1": {
      "precision": 0.5792832596956309,
      "recall": 0.9821057012068248,
      "f1_score": 0.7287324378570326,
      "support": 4806
    },
    "2": {
      "precision": 0.8913002980625931,
      "recall": 0.76552,
      "f1_score": 0.8236357376484765,
      "support": 37500
    },
    "3": {
      "precision": 0.8661874114312706,
      "recall": 0.938864,
      "f1_score": 0.9010626209268757,
      "support": 125000
    },
    "4": {
      "precision": 0.8505148538288555,
      "recall": 0.57488,
      "f1_score": 0.6860470666857607,
      "support": 37500
    },
    "5": {
      "precision": 0.6154813908789096,
      "recall": 0.70448,
      "f1_score": 0.6569803226708943,
      "support": 25000
    }
  },
  "confusion_matrix": [
    [
      4720,
      36,
      0,
      0,
      50
    ],
    [
      2919,
      28707,
      0,
      0,
      5874
    ],
    [
      27,
      466,
      117358,
      3472,
      3677
    ],
    [
      9,
      144,
      14387,
      21558,
      1402
    ],
    [
      473,
      2855,
      3743,
      317,
      17612
    ]
  ],
  "confusion_matrix_labels": [
    1,
    2,
    3,
    4,
    5
  ],
  "hyperparameters": {
    "n_estimators": 200,
    "max_depth": null,
    "min_samples_leaf": 20,
    "feature_scaling": "none",
    "class_weight": "recalculated_over_classes_1_to_5",
    "class1_dampen_factor": 0.4,
    "n_jobs": -1,
    "random_state": 42
  },
  "dataset": {
    "source": "../random_forest_spatial_middle/wetland_dataset_middle_split.npz",
    "class_0_filtered": true,
    "n_train": 914418,
    "n_test": 229806,
    "n_features": 64
  },
  "class_weights": {
    "1": 5.073757802746567,
    "2": 1.219224,
    "3": 0.3657672,
    "4": 1.219224,
    "5": 1.828836
  },
  "train_seconds": 239.272224
}