{
  "timestamp": "20260309_133926",
  "trained_datetime": "2026-03-09 13:39:24",
  "pipeline_stage": "Stage 2 \u2014 wetland classification (grid search)",
  "split_method": "middle_row_band",
  "test_row_min": 9216,
  "test_row_max": 12288,
  "classes": [
    1,
    2,
    3,
    4,
    5
  ],
  "overall_metrics": {
    "accuracy": 0.8250654900220186,
    "precision_weighted": 0.8326678417333714,
    "recall_weighted": 0.8250654900220186,
    "f1_weighted": 0.8217350737165372,
    "mean_wetland_f1": 0.7575488579360633
  },
  "per_class_metrics": {
    "1": {
      "precision": 0.5783869783380248,
      "recall": 0.9833541406575115,
      "f1_score": 0.7283655698543577,
      "support": 4806
    },
    "2": {
      "precision": 0.8884085466363948,
      "recall": 0.7617333333333334,
      "f1_score": 0.8202087490847487,
      "support": 37500
    },
    "3": {
      "precision": 0.866171937942096,
      "recall": 0.937496,
      "f1_score": 0.9004237532319348,
      "support": 125000
    },
    "4": {
      "precision": 0.8445383081074739,
      "recall": 0.57584,
      "f1_score": 0.6847738191504542,
      "support": 37500
    },
    "5": {
      "precision": 0.6126135569531796,
      "recall": 0.70132,
      "f1_score": 0.6539723983588214,
      "support": 25000
    }
  },
  "confusion_matrix": [
    [
      4726,
      40,
      0,
      0,
      40
    ],
    [
      2943,
      28565,
      0,
      0,
      5992
    ],
    [
      26,
      465,
      117187,
      3658,
      3664
    ],
    [
      12,
      139,
      14364,
      21594,
      1391
    ],
    [
      464,
      2944,
      3742,
      317,
      17533
    ]
  ],
  "confusion_matrix_labels": [
    1,
    2,
    3,
    4,
    5
  ],
  "hyperparameters": {
    "n_estimators": 100,
    "max_depth": null,
    "min_samples_leaf": 20,
    "feature_scaling": "none",
    "class_weight": "recalculated_over_classes_1_to_5",
    "class1_dampen_factor": 0.4,
    "n_jobs": -1,
    "random_state": 42
  },
  "dataset": {
    "source": "../random_forest_spatial_middle/wetland_dataset_middle_split.npz",
    "class_0_filtered": true,
    "n_train": 914418,
    "n_test": 229806,
    "n_features": 64
  },
  "class_weights": {
    "1": 5.073757802746567,
    "2": 1.219224,
    "3": 0.3657672,
    "4": 1.219224,
    "5": 1.828836
  },
  "train_seconds": 126.702584
}