{
  "timestamp": "20260304_175531",
  "trained_datetime": "2026-03-04 17:55:32",
  "pipeline_stage": "Stage 2 \u2014 wetland classification (post CNN background removal)",
  "split_method": "middle_row_band",
  "test_row_min": 9216,
  "test_row_max": 12288,
  "classes": [
    1,
    2,
    3,
    4,
    5
  ],
  "note": "Class 0 (background) filtered from train and test before training. Intended for use after Stage 1 CNN background detection. Test region: middle latitude band rows 9216\u201312288. Class weights recalculated from filtered training set (Classes 1\u20135 only).",
  "overall_metrics": {
    "accuracy": 0.8144652445976172,
    "precision_weighted": 0.8270389701838643,
    "recall_weighted": 0.8144652445976172,
    "f1_weighted": 0.8127085106710569
  },
  "per_class_metrics": {
    "1": {
      "precision": 0.43756855575868375,
      "recall": 0.996046608406159,
      "f1_score": 0.6080274355391846,
      "support": 4806
    },
    "2": {
      "precision": 0.8801580047009663,
      "recall": 0.71896,
      "f1_score": 0.7914342746433394,
      "support": 37500
    },
    "3": {
      "precision": 0.8667864514500393,
      "recall": 0.933952,
      "f1_score": 0.8991166254630593,
      "support": 125000
    },
    "4": {
      "precision": 0.8299236641221374,
      "recall": 0.57984,
      "f1_score": 0.6827001569858713,
      "support": 37500
    },
    "5": {
      "precision": 0.6191677636390229,
      "recall": 0.67732,
      "f1_score": 0.6469397111637503,
      "support": 25000
    }
  },
  "confusion_matrix": [
    [
      4787,
      12,
      0,
      0,
      7
    ],
    [
      5122,
      26961,
      0,
      0,
      5417
    ],
    [
      44,
      522,
      116744,
      4084,
      3606
    ],
    [
      23,
      148,
      14200,
      21744,
      1385
    ],
    [
      964,
      2989,
      3742,
      372,
      16933
    ]
  ],
  "confusion_matrix_labels": [
    1,
    2,
    3,
    4,
    5
  ],
  "hyperparameters": {
    "n_estimators": 200,
    "max_depth": 25,
    "min_samples_leaf": 20,
    "feature_scaling": "StandardScaler",
    "class_weight": "recalculated_over_classes_1_to_5",
    "n_jobs": -1,
    "random_state": 42
  },
  "dataset": {
    "source": "../random_forest_spatial_middle/wetland_dataset_middle_split.npz",
    "class_0_filtered": true,
    "n_train": 914418,
    "n_test": 229806,
    "n_features": 64
  },
  "class_weights": {
    "1": 12.684394506866417,
    "2": 1.219224,
    "3": 0.3657672,
    "4": 1.219224,
    "5": 1.828836
  }
}