{
  "timestamp": "20260304_181352",
  "trained_datetime": "2026-03-04 18:13:53",
  "pipeline_stage": "Stage 2 \u2014 wetland classification (post CNN background removal)",
  "split_method": "middle_row_band",
  "test_row_min": 9216,
  "test_row_max": 12288,
  "classes": [
    1,
    2,
    3,
    4,
    5
  ],
  "note": "Class 0 (background) filtered from train and test before training. Intended for use after Stage 1 CNN background detection. Test region: middle latitude band rows 9216\u201312288. Class weights recalculated from filtered training set (Classes 1\u20135 only).",
  "overall_metrics": {
    "accuracy": 0.8180769866757178,
    "precision_weighted": 0.8283182617402339,
    "recall_weighted": 0.8180769866757178,
    "f1_weighted": 0.815867307596167
  },
  "per_class_metrics": {
    "1": {
      "precision": 0.4797107271996786,
      "recall": 0.9937578027465668,
      "f1_score": 0.6470667931174637,
      "support": 4806
    },
    "2": {
      "precision": 0.8833349323611245,
      "recall": 0.73656,
      "f1_score": 0.8032979976442874,
      "support": 37500
    },
    "3": {
      "precision": 0.8670437736466146,
      "recall": 0.933168,
      "f1_score": 0.8988914704488447,
      "support": 125000
    },
    "4": {
      "precision": 0.829485913888678,
      "recall": 0.5825866666666667,
      "f1_score": 0.6844512672702779,
      "support": 37500
    },
    "5": {
      "precision": 0.6174305304944063,
      "recall": 0.68436,
      "f1_score": 0.6491747296528173,
      "support": 25000
    }
  },
  "confusion_matrix": [
    [
      4776,
      15,
      0,
      0,
      15
    ],
    [
      4340,
      27621,
      0,
      0,
      5539
    ],
    [
      47,
      496,
      116646,
      4141,
      3670
    ],
    [
      20,
      158,
      14098,
      21847,
      1377
    ],
    [
      773,
      2979,
      3789,
      350,
      17109
    ]
  ],
  "confusion_matrix_labels": [
    1,
    2,
    3,
    4,
    5
  ],
  "hyperparameters": {
    "n_estimators": 200,
    "max_depth": 25,
    "min_samples_leaf": 20,
    "feature_scaling": "StandardScaler",
    "class_weight": "recalculated_over_classes_1_to_5",
    "class1_dampen_factor": 0.75,
    "n_jobs": -1,
    "random_state": 42
  },
  "dataset": {
    "source": "../random_forest_spatial_middle/wetland_dataset_middle_split.npz",
    "class_0_filtered": true,
    "n_train": 914418,
    "n_test": 229806,
    "n_features": 64
  },
  "class_weights": {
    "1": 9.513295880149812,
    "2": 1.219224,
    "3": 0.3657672,
    "4": 1.219224,
    "5": 1.828836
  }
}